-- MySQL dump 10.13  Distrib 5.7.17, for Win64 (x86_64)
--
-- Host: 127.0.0.1    Database: discovery
-- ------------------------------------------------------
-- Server version	5.5.5-10.1.31-MariaDB

/*!40101 SET @OLD_CHARACTER_SET_CLIENT=@@CHARACTER_SET_CLIENT */;
/*!40101 SET @OLD_CHARACTER_SET_RESULTS=@@CHARACTER_SET_RESULTS */;
/*!40101 SET @OLD_COLLATION_CONNECTION=@@COLLATION_CONNECTION */;
/*!40101 SET NAMES utf8 */;
/*!40103 SET @OLD_TIME_ZONE=@@TIME_ZONE */;
/*!40103 SET TIME_ZONE='+00:00' */;
/*!40014 SET @OLD_UNIQUE_CHECKS=@@UNIQUE_CHECKS, UNIQUE_CHECKS=0 */;
/*!40014 SET @OLD_FOREIGN_KEY_CHECKS=@@FOREIGN_KEY_CHECKS, FOREIGN_KEY_CHECKS=0 */;
/*!40101 SET @OLD_SQL_MODE=@@SQL_MODE, SQL_MODE='NO_AUTO_VALUE_ON_ZERO' */;
/*!40111 SET @OLD_SQL_NOTES=@@SQL_NOTES, SQL_NOTES=0 */;

--
-- Table structure for table `aeronave`
--

DROP TABLE IF EXISTS `aeronave`;
/*!40101 SET @saved_cs_client     = @@character_set_client */;
/*!40101 SET character_set_client = utf8 */;
CREATE TABLE `aeronave` (
  `Prefixo` int(11) NOT NULL AUTO_INCREMENT,
  `QtdEconomica` int(11) NOT NULL,
  `QtdPrimeiraClasse` int(11) NOT NULL,
  PRIMARY KEY (`Prefixo`)
) ENGINE=InnoDB AUTO_INCREMENT=3 DEFAULT CHARSET=utf8;
/*!40101 SET character_set_client = @saved_cs_client */;

--
-- Dumping data for table `aeronave`
--

LOCK TABLES `aeronave` WRITE;
/*!40000 ALTER TABLE `aeronave` DISABLE KEYS */;
INSERT INTO `aeronave` VALUES (1,60,40),(2,80,60);
/*!40000 ALTER TABLE `aeronave` ENABLE KEYS */;
UNLOCK TABLES;

--
-- Table structure for table `assento`
--

DROP TABLE IF EXISTS `assento`;
/*!40101 SET @saved_cs_client     = @@character_set_client */;
/*!40101 SET character_set_client = utf8 */;
CREATE TABLE `assento` (
  `idAssento` int(11) NOT NULL AUTO_INCREMENT,
  `Cabine` tinyint(4) NOT NULL COMMENT 'Indica a cabine em que o assento esta alocado.',
  `Aeronave` int(11) NOT NULL,
  PRIMARY KEY (`idAssento`),
  KEY `idx_Assento_Aeronave` (`Aeronave`),
  CONSTRAINT `fkAeronave_Assento_Aeronave` FOREIGN KEY (`Aeronave`) REFERENCES `aeronave` (`Prefixo`) ON DELETE NO ACTION ON UPDATE NO ACTION
) ENGINE=InnoDB AUTO_INCREMENT=241 DEFAULT CHARSET=utf8;
/*!40101 SET character_set_client = @saved_cs_client */;

--
-- Dumping data for table `assento`
--

LOCK TABLES `assento` WRITE;
/*!40000 ALTER TABLE `assento` DISABLE KEYS */;
INSERT INTO `assento` VALUES (1,1,1),(2,1,1),(3,1,1),(4,1,1),(5,1,1),(6,1,1),(7,1,1),(8,1,1),(9,1,1),(10,1,1),(11,1,1),(12,1,1),(13,1,1),(14,1,1),(15,1,1),(16,1,1),(17,1,1),(18,1,1),(19,1,1),(20,1,1),(21,1,1),(22,1,1),(23,1,1),(24,1,1),(25,1,1),(26,1,1),(27,1,1),(28,1,1),(29,1,1),(30,1,1),(31,1,1),(32,1,1),(33,1,1),(34,1,1),(35,1,1),(36,1,1),(37,1,1),(38,1,1),(39,1,1),(40,1,1),(41,1,1),(42,1,1),(43,1,1),(44,1,1),(45,1,1),(46,1,1),(47,1,1),(48,1,1),(49,1,1),(50,1,1),(51,1,1),(52,1,1),(53,1,1),(54,1,1),(55,1,1),(56,1,1),(57,1,1),(58,1,1),(59,1,1),(60,1,1),(61,2,1),(62,2,1),(63,2,1),(64,2,1),(65,2,1),(66,2,1),(67,2,1),(68,2,1),(69,2,1),(70,2,1),(71,2,1),(72,2,1),(73,2,1),(74,2,1),(75,2,1),(76,2,1),(77,2,1),(78,2,1),(79,2,1),(80,2,1),(81,2,1),(82,2,1),(83,2,1),(84,2,1),(85,2,1),(86,2,1),(87,2,1),(88,2,1),(89,2,1),(90,2,1),(91,2,1),(92,2,1),(93,2,1),(94,2,1),(95,2,1),(96,2,1),(97,2,1),(98,2,1),(99,2,1),(100,2,1),(101,1,2),(102,1,2),(103,1,2),(104,1,2),(105,1,2),(106,1,2),(107,1,2),(108,1,2),(109,1,2),(110,1,2),(111,1,2),(112,1,2),(113,1,2),(114,1,2),(115,1,2),(116,1,2),(117,1,2),(118,1,2),(119,1,2),(120,1,2),(121,1,2),(122,1,2),(123,1,2),(124,1,2),(125,1,2),(126,1,2),(127,1,2),(128,1,2),(129,1,2),(130,1,2),(131,1,2),(132,1,2),(133,1,2),(134,1,2),(135,1,2),(136,1,2),(137,1,2),(138,1,2),(139,1,2),(140,1,2),(141,1,2),(142,1,2),(143,1,2),(144,1,2),(145,1,2),(146,1,2),(147,1,2),(148,1,2),(149,1,2),(150,1,2),(151,1,2),(152,1,2),(153,1,2),(154,1,2),(155,1,2),(156,1,2),(157,1,2),(158,1,2),(159,1,2),(160,1,2),(161,1,2),(162,1,2),(163,1,2),(164,1,2),(165,1,2),(166,1,2),(167,1,2),(168,1,2),(169,1,2),(170,1,2),(171,1,2),(172,1,2),(173,1,2),(174,1,2),(175,1,2),(176,1,2),(177,1,2),(178,1,2),(179,1,2),(180,1,2),(181,2,2),(182,2,2),(183,2,2),(184,2,2),(185,2,2),(186,2,2),(187,2,2),(188,2,2),(189,2,2),(190,2,2),(191,2,2),(192,2,2),(193,2,2),(194,2,2),(195,2,2),(196,2,2),(197,2,2),(198,2,2),(199,2,2),(200,2,2),(201,2,2),(202,2,2),(203,2,2),(204,2,2),(205,2,2),(206,2,2),(207,2,2),(208,2,2),(209,2,2),(210,2,2),(211,2,2),(212,2,2),(213,2,2),(214,2,2),(215,2,2),(216,2,2),(217,2,2),(218,2,2),(219,2,2),(220,2,2),(221,2,2),(222,2,2),(223,2,2),(224,2,2),(225,2,2),(226,2,2),(227,2,2),(228,2,2),(229,2,2),(230,2,2),(231,2,2),(232,2,2),(233,2,2),(234,2,2),(235,2,2),(236,2,2),(237,2,2),(238,2,2),(239,2,2),(240,2,2);
/*!40000 ALTER TABLE `assento` ENABLE KEYS */;
UNLOCK TABLES;

--
-- Table structure for table `cidade`
--

DROP TABLE IF EXISTS `cidade`;
/*!40101 SET @saved_cs_client     = @@character_set_client */;
/*!40101 SET character_set_client = utf8 */;
CREATE TABLE `cidade` (
  `idCidade` int(11) NOT NULL AUTO_INCREMENT,
  `Cidade` varchar(45) NOT NULL,
  PRIMARY KEY (`idCidade`)
) ENGINE=InnoDB AUTO_INCREMENT=7 DEFAULT CHARSET=utf8;
/*!40101 SET character_set_client = @saved_cs_client */;

--
-- Dumping data for table `cidade`
--

LOCK TABLES `cidade` WRITE;
/*!40000 ALTER TABLE `cidade` DISABLE KEYS */;
INSERT INTO `cidade` VALUES (1,'Salvador'),(2,'Rio de Janeiro'),(3,'São Paulo'),(4,'Curitiba'),(5,'Fortaleza'),(6,'Ilhéus');
/*!40000 ALTER TABLE `cidade` ENABLE KEYS */;
UNLOCK TABLES;

--
-- Table structure for table `cliente`
--

DROP TABLE IF EXISTS `cliente`;
/*!40101 SET @saved_cs_client     = @@character_set_client */;
/*!40101 SET character_set_client = utf8 */;
CREATE TABLE `cliente` (
  `Cpf` varchar(17) NOT NULL,
  `Senha` char(32) NOT NULL,
  `Nome` varchar(45) NOT NULL,
  `DataNascimento` date NOT NULL,
  `Email` varchar(45) NOT NULL,
  `Telefone` varchar(11) NOT NULL,
  PRIMARY KEY (`Cpf`)
) ENGINE=InnoDB DEFAULT CHARSET=utf8;
/*!40101 SET character_set_client = @saved_cs_client */;

--
-- Dumping data for table `cliente`
--

LOCK TABLES `cliente` WRITE;
/*!40000 ALTER TABLE `cliente` DISABLE KEYS */;
INSERT INTO `cliente` VALUES ('111.111.111-11','81dc9bdb52d04dc20036dbd8313ed055','Daenerys Targaryen','1990-03-04','daenerys@westeros.com','1111-2222'),('222.222.222-22','81dc9bdb52d04dc20036dbd8313ed055','Jon Snow','1990-03-04','jon@westeros.com','2222-3333'),('333.333.333-33','81dc9bdb52d04dc20036dbd8313ed055','Tyrion Lannister','1990-03-04','tyrion@westeros.com','3333-4444'),('444.444.444-44','81dc9bdb52d04dc20036dbd8313ed055','Brandon Stark','1990-03-04','bran@westeros.com','4444-5555'),('777.777.777-77','81dc9bdb52d04dc20036dbd8313ed055','Bianca Hereda','2018-06-26','heredabianca@gmail.com','7777-7777'),('888.888.888-88','81dc9bdb52d04dc20036dbd8313ed055','Gilmar Luis','2018-06-26','gilmar@hotmail.com','8888-8888'),('999.999.999-99','81dc9bdb52d04dc20036dbd8313ed055','Mateus Pena','2018-06-26','mateus@hotmail.com','9999-9999');
/*!40000 ALTER TABLE `cliente` ENABLE KEYS */;
UNLOCK TABLES;

--
-- Table structure for table `pagamento`
--

DROP TABLE IF EXISTS `pagamento`;
/*!40101 SET @saved_cs_client     = @@character_set_client */;
/*!40101 SET character_set_client = utf8 */;
CREATE TABLE `pagamento` (
  `Passagem` int(11) NOT NULL,
  `NumCartão` varchar(20) NOT NULL,
  `CodCartao` varchar(3) NOT NULL,
  `Valor` float NOT NULL,
  `DataVencimento` datetime NOT NULL,
  `QntParcelas` int(11) DEFAULT '1',
  PRIMARY KEY (`Passagem`),
  CONSTRAINT `fk_pagamento_passagem` FOREIGN KEY (`Passagem`) REFERENCES `passagem` (`Codigo`) ON DELETE NO ACTION ON UPDATE NO ACTION
) ENGINE=InnoDB DEFAULT CHARSET=utf8;
/*!40101 SET character_set_client = @saved_cs_client */;

--
-- Dumping data for table `pagamento`
--

LOCK TABLES `pagamento` WRITE;
/*!40000 ALTER TABLE `pagamento` DISABLE KEYS */;
/*!40000 ALTER TABLE `pagamento` ENABLE KEYS */;
UNLOCK TABLES;

--
-- Table structure for table `passagem`
--

DROP TABLE IF EXISTS `passagem`;
/*!40101 SET @saved_cs_client     = @@character_set_client */;
/*!40101 SET character_set_client = utf8 */;
CREATE TABLE `passagem` (
  `Codigo` int(11) NOT NULL AUTO_INCREMENT,
  `Cancelada` tinyint(1) DEFAULT '0',
  `DataCheckIn` datetime DEFAULT NULL,
  `Cabine` tinyint(1) NOT NULL COMMENT 'Economica (1), Primeira Classe (2)',
  `Assento` int(11) DEFAULT NULL,
  `Programacao` int(11) NOT NULL,
  `Cliente` varchar(17) NOT NULL,
  PRIMARY KEY (`Codigo`),
  KEY `CodigoProgramacao_idx` (`Programacao`),
  KEY `idAssento_idx` (`Assento`),
  KEY `cpfCliente_idx` (`Cliente`),
  CONSTRAINT `fkAssento_Passagem_Assento` FOREIGN KEY (`Assento`) REFERENCES `assento` (`idAssento`) ON DELETE NO ACTION ON UPDATE NO ACTION,
  CONSTRAINT `fkCliente_Passagem_Cliente` FOREIGN KEY (`Cliente`) REFERENCES `cliente` (`Cpf`) ON DELETE NO ACTION ON UPDATE NO ACTION,
  CONSTRAINT `fkProgramacao_Passagem_Programacao` FOREIGN KEY (`Programacao`) REFERENCES `programacao` (`Codigo`) ON DELETE NO ACTION ON UPDATE NO ACTION
) ENGINE=InnoDB DEFAULT CHARSET=utf8;
/*!40101 SET character_set_client = @saved_cs_client */;

--
-- Dumping data for table `passagem`
--

LOCK TABLES `passagem` WRITE;
/*!40000 ALTER TABLE `passagem` DISABLE KEYS */;
/*!40000 ALTER TABLE `passagem` ENABLE KEYS */;
UNLOCK TABLES;

--
-- Table structure for table `programacao`
--

DROP TABLE IF EXISTS `programacao`;
/*!40101 SET @saved_cs_client     = @@character_set_client */;
/*!40101 SET character_set_client = utf8 */;
CREATE TABLE `programacao` (
  `Codigo` int(11) NOT NULL AUTO_INCREMENT,
  `DataSaida` datetime NOT NULL,
  `DataChegada` datetime NOT NULL COMMENT 'data de chegada tem que ser maior do que a data de saida',
  `NumeroVoo` int(11) NOT NULL,
  PRIMARY KEY (`Codigo`),
  KEY `NumeroVoo_idx` (`NumeroVoo`),
  CONSTRAINT `fkNumeroVoo_Programacao_Voo` FOREIGN KEY (`NumeroVoo`) REFERENCES `voo` (`Numero`) ON DELETE NO ACTION ON UPDATE NO ACTION
) ENGINE=InnoDB AUTO_INCREMENT=315 DEFAULT CHARSET=utf8;
/*!40101 SET character_set_client = @saved_cs_client */;

--
-- Dumping data for table `programacao`
--

LOCK TABLES `programacao` WRITE;
/*!40000 ALTER TABLE `programacao` DISABLE KEYS */;
INSERT INTO `programacao` VALUES (1,'2018-06-23 18:45:07','2018-06-23 20:41:11',1),(2,'2018-06-27 18:45:07','2018-06-27 20:41:11',2),(3,'2018-06-23 18:45:07','2018-06-23 20:41:11',3),(4,'2018-06-23 20:45:07','2018-06-23 22:41:11',4),(5,'2018-06-23 16:45:07','2018-06-23 18:20:11',4),(6,'2018-06-26 18:12:09','2018-06-26 20:04:22',5),(7,'2018-06-27 18:17:47','2018-06-27 20:10:00',5),(8,'2018-06-28 18:17:47','2018-06-28 20:10:00',5),(9,'2018-06-29 18:17:47','2018-06-29 20:10:00',5),(10,'2018-06-30 18:17:47','2018-06-30 20:12:49',5),(11,'2018-06-27 10:17:47','2018-06-27 12:12:49',5),(12,'2018-06-28 08:17:47','2018-06-28 10:12:49',5),(13,'2018-06-29 06:17:47','2018-06-29 08:12:49',5),(14,'2018-06-30 04:17:47','2018-06-30 06:12:49',5),(15,'2018-06-27 02:17:47','2018-06-27 04:12:49',5),(16,'2018-06-27 22:17:47','2018-06-28 00:12:49',5),(17,'2018-06-28 18:17:47','2018-06-28 20:12:49',5),(18,'2018-06-29 14:17:47','2018-06-29 16:12:49',5),(19,'2018-06-26 18:17:47','2018-06-26 20:12:49',5),(20,'2018-06-27 12:17:47','2018-06-27 14:12:49',5),(21,'2018-06-28 06:17:47','2018-06-28 08:12:49',5),(22,'2018-06-29 00:17:47','2018-06-29 02:12:49',5),(23,'2018-06-27 18:19:01','2018-06-27 20:14:03',6),(24,'2018-06-28 18:19:01','2018-06-28 20:14:03',6),(25,'2018-06-29 18:19:01','2018-06-29 20:14:03',6),(26,'2018-06-30 18:19:01','2018-06-30 20:14:03',6),(27,'2018-06-26 18:19:01','2018-06-26 20:14:03',6),(28,'2018-06-27 12:19:01','2018-06-27 14:14:03',6),(29,'2018-06-28 06:19:01','2018-06-28 08:14:03',6),(30,'2018-06-29 00:19:01','2018-06-29 02:12:53',6),(31,'2018-06-27 18:19:29','2018-06-27 20:13:21',7),(32,'2018-06-28 18:19:29','2018-06-28 20:13:21',7),(33,'2018-06-29 18:19:29','2018-06-29 20:13:21',7),(34,'2018-06-30 18:19:29','2018-06-30 20:13:21',7),(35,'2018-06-26 18:19:29','2018-06-26 20:13:21',7),(36,'2018-06-27 12:19:29','2018-06-27 14:13:21',7),(37,'2018-06-28 06:19:29','2018-06-28 08:13:21',7),(38,'2018-06-29 00:19:29','2018-06-29 02:13:21',7),(39,'2018-06-27 18:20:16','2018-06-27 20:14:08',8),(40,'2018-06-28 18:20:16','2018-06-28 20:14:08',8),(41,'2018-06-29 18:20:16','2018-06-29 20:14:08',8),(42,'2018-06-30 18:20:16','2018-06-30 20:14:08',8),(43,'2018-06-26 18:20:16','2018-06-26 20:14:08',8),(44,'2018-06-27 12:20:16','2018-06-27 14:14:08',8),(45,'2018-06-28 06:20:16','2018-06-28 08:14:08',8),(46,'2018-06-29 00:20:16','2018-06-29 02:14:08',8),(47,'2018-06-27 18:22:46','2018-06-27 20:16:38',9),(48,'2018-06-28 18:22:46','2018-06-28 20:16:38',9),(49,'2018-06-29 18:22:46','2018-06-29 20:16:38',9),(50,'2018-06-30 18:22:46','2018-06-30 20:22:46',9),(51,'2018-06-26 18:22:46','2018-06-26 20:18:50',9),(52,'2018-06-27 12:22:46','2018-06-27 14:18:50',9),(53,'2018-06-28 06:22:46','2018-06-28 08:18:50',9),(54,'2018-06-29 00:22:46','2018-06-29 02:18:50',9),(55,'2018-06-27 18:22:46','2018-06-27 20:18:50',10),(56,'2018-06-28 18:22:46','2018-06-28 20:18:50',10),(57,'2018-06-29 18:22:46','2018-06-29 20:18:50',10),(58,'2018-06-30 18:22:46','2018-06-30 20:18:50',10),(59,'2018-06-26 18:22:46','2018-06-26 20:18:50',10),(60,'2018-06-27 12:22:46','2018-06-27 14:18:50',10),(61,'2018-06-28 06:22:46','2018-06-28 08:18:50',10),(62,'2018-06-29 00:22:46','2018-06-29 02:18:50',10),(63,'2018-06-27 18:22:46','2018-06-27 20:18:50',11),(64,'2018-06-28 18:22:46','2018-06-28 20:18:50',11),(65,'2018-06-29 18:22:46','2018-06-29 20:18:50',11),(66,'2018-06-30 18:22:46','2018-06-30 20:18:50',11),(67,'2018-06-26 18:22:46','2018-06-26 20:18:50',11),(68,'2018-06-27 12:22:46','2018-06-27 14:18:50',11),(69,'2018-06-28 06:22:46','2018-06-28 08:18:50',11),(70,'2018-06-29 00:22:46','2018-06-29 02:18:50',11),(71,'2018-06-27 18:22:46','2018-06-27 20:18:50',12),(72,'2018-06-28 18:22:46','2018-06-28 20:18:50',12),(73,'2018-06-29 18:22:46','2018-06-29 20:18:50',12),(74,'2018-06-30 18:22:46','2018-06-30 20:18:50',12),(75,'2018-06-26 18:22:46','2018-06-26 20:18:50',12),(76,'2018-06-27 12:22:46','2018-06-27 14:18:50',12),(77,'2018-06-28 06:22:46','2018-06-28 08:18:50',12),(78,'2018-06-29 00:22:46','2018-06-29 02:18:50',12),(79,'2018-06-27 18:24:07','2018-06-27 20:20:11',13),(80,'2018-06-28 18:24:07','2018-06-28 20:20:11',13),(81,'2018-06-29 18:24:07','2018-06-29 20:20:11',13),(82,'2018-06-30 18:24:07','2018-06-30 20:20:11',13),(83,'2018-06-26 18:24:07','2018-06-26 20:20:11',13),(84,'2018-06-27 12:24:07','2018-06-27 14:20:11',13),(85,'2018-06-28 06:24:07','2018-06-28 08:20:11',13),(86,'2018-06-29 00:24:07','2018-06-29 02:20:11',13),(87,'2018-06-27 18:24:07','2018-06-27 20:20:11',14),(88,'2018-06-28 18:24:07','2018-06-28 20:20:11',14),(89,'2018-06-29 18:24:07','2018-06-29 20:20:11',14),(90,'2018-06-30 18:24:07','2018-06-30 20:20:11',14),(91,'2018-06-26 18:24:07','2018-06-26 20:20:11',14),(92,'2018-06-27 12:24:07','2018-06-27 14:20:11',14),(93,'2018-06-28 06:24:07','2018-06-28 08:20:11',14),(94,'2018-06-29 00:24:07','2018-06-29 02:20:11',14),(95,'2018-06-27 18:24:07','2018-06-27 20:20:11',15),(96,'2018-06-28 18:24:07','2018-06-28 20:20:11',15),(97,'2018-06-29 18:24:07','2018-06-29 20:20:11',15),(98,'2018-06-30 18:24:07','2018-06-30 20:20:11',15),(99,'2018-06-26 18:24:07','2018-06-26 20:20:11',15),(100,'2018-06-27 12:24:07','2018-06-27 14:20:11',15),(101,'2018-06-28 06:24:07','2018-06-28 08:20:11',15),(102,'2018-06-29 00:24:07','2018-06-29 02:20:11',15),(103,'2018-06-27 18:24:07','2018-06-27 20:20:11',16),(104,'2018-06-28 18:24:07','2018-06-28 20:20:11',16),(105,'2018-06-29 18:24:07','2018-06-29 20:20:11',16),(106,'2018-06-30 18:24:07','2018-06-30 20:20:11',16),(107,'2018-06-26 18:24:07','2018-06-26 20:20:11',16),(108,'2018-06-27 12:24:07','2018-06-27 14:20:11',16),(109,'2018-06-28 06:24:07','2018-06-28 08:20:11',16),(110,'2018-06-29 00:24:07','2018-06-29 02:20:11',16),(111,'2018-06-27 18:26:47','2018-06-27 20:22:51',17),(112,'2018-06-28 18:26:47','2018-06-28 20:22:51',17),(113,'2018-06-29 18:26:47','2018-06-29 20:22:51',17),(114,'2018-06-30 18:26:47','2018-06-30 20:22:51',17),(115,'2018-06-27 18:26:47','2018-06-27 20:22:51',18),(116,'2018-06-28 18:26:47','2018-06-28 20:22:51',18),(117,'2018-06-29 18:26:47','2018-06-29 20:22:51',18),(118,'2018-06-30 18:26:47','2018-06-30 20:22:51',18),(119,'2018-06-27 18:26:47','2018-06-27 20:22:51',19),(120,'2018-06-28 18:26:47','2018-06-28 20:22:51',19),(121,'2018-06-29 18:26:47','2018-06-29 20:22:51',19),(122,'2018-06-30 18:26:47','2018-06-30 20:22:51',19),(123,'2018-06-27 18:26:47','2018-06-27 20:22:51',20),(124,'2018-06-28 18:26:47','2018-06-28 20:22:51',20),(125,'2018-06-29 18:26:47','2018-06-29 20:22:51',20),(126,'2018-06-30 18:26:47','2018-06-30 20:22:51',20),(127,'2018-06-27 18:26:47','2018-06-27 20:22:51',21),(128,'2018-06-28 18:26:47','2018-06-28 20:22:51',21),(129,'2018-06-29 18:26:47','2018-06-29 20:22:51',21),(130,'2018-06-30 18:26:47','2018-06-30 20:22:51',21),(131,'2018-06-27 18:26:47','2018-06-27 20:22:51',22),(132,'2018-06-28 18:26:47','2018-06-28 20:22:51',22),(133,'2018-06-29 18:26:47','2018-06-29 20:22:51',22),(134,'2018-06-30 18:26:47','2018-06-30 20:22:51',22),(135,'2018-06-27 18:26:47','2018-06-27 20:22:51',23),(136,'2018-06-28 18:26:47','2018-06-28 20:22:51',23),(137,'2018-06-29 18:26:47','2018-06-29 20:22:51',23),(138,'2018-06-30 18:26:47','2018-06-30 20:22:51',23),(139,'2018-06-27 18:26:47','2018-06-27 20:22:51',24),(140,'2018-06-28 18:26:47','2018-06-28 20:22:51',24),(141,'2018-06-29 18:26:47','2018-06-29 20:22:51',24),(142,'2018-06-30 18:26:47','2018-06-30 20:22:51',24),(143,'2018-06-27 18:30:16','2018-06-27 20:26:20',25),(144,'2018-06-28 18:30:16','2018-06-28 20:26:20',25),(145,'2018-06-29 18:30:16','2018-06-29 20:26:20',25),(146,'2018-06-30 18:30:16','2018-06-30 20:26:20',25),(147,'2018-06-27 18:30:16','2018-06-27 20:26:20',26),(148,'2018-06-28 18:30:16','2018-06-28 20:26:20',26),(149,'2018-06-29 18:30:16','2018-06-29 20:26:20',26),(150,'2018-06-30 18:30:16','2018-06-30 20:26:20',26),(151,'2018-06-27 18:30:16','2018-06-27 20:26:20',27),(152,'2018-06-28 18:30:16','2018-06-28 20:26:20',27),(153,'2018-06-29 18:30:16','2018-06-29 20:26:20',27),(154,'2018-06-30 18:30:16','2018-06-30 20:26:20',27),(155,'2018-06-27 18:30:16','2018-06-27 20:26:20',28),(156,'2018-06-28 18:30:16','2018-06-28 20:26:20',28),(157,'2018-06-29 18:30:16','2018-06-29 20:26:20',28),(158,'2018-06-30 18:30:16','2018-06-30 20:26:20',28),(159,'2018-06-27 18:30:16','2018-06-27 20:26:20',29),(160,'2018-06-28 18:30:16','2018-06-28 20:26:20',29),(161,'2018-06-29 18:30:16','2018-06-29 20:26:20',29),(162,'2018-06-30 18:30:16','2018-06-30 20:26:20',29),(163,'2018-06-27 18:30:16','2018-06-27 20:26:20',30),(164,'2018-06-28 18:30:16','2018-06-28 20:26:20',30),(165,'2018-06-29 18:30:16','2018-06-29 20:26:20',30),(166,'2018-06-30 18:30:16','2018-06-30 20:26:20',30),(167,'2018-06-27 18:30:16','2018-06-27 20:26:20',31),(168,'2018-06-28 18:30:16','2018-06-28 20:26:20',31),(169,'2018-06-29 18:30:16','2018-06-29 20:26:20',31),(170,'2018-06-30 18:30:16','2018-06-30 20:26:20',31),(171,'2018-06-27 18:30:16','2018-06-27 20:26:20',32),(172,'2018-06-28 18:30:16','2018-06-28 20:26:20',32),(173,'2018-06-29 18:30:16','2018-06-29 20:26:20',32),(174,'2018-06-30 18:30:16','2018-06-30 20:26:20',32),(175,'2018-06-27 18:32:40','2018-06-27 20:28:44',33),(176,'2018-06-28 18:32:40','2018-06-28 20:28:44',33),(177,'2018-06-29 18:32:40','2018-06-29 20:28:44',33),(178,'2018-06-30 18:32:40','2018-06-30 20:28:44',33),(179,'2018-06-27 18:32:40','2018-06-27 20:28:44',34),(180,'2018-06-28 18:32:40','2018-06-28 20:28:44',34),(181,'2018-06-29 18:32:40','2018-06-29 20:28:44',34),(182,'2018-06-30 18:32:40','2018-06-30 20:28:44',34),(183,'2018-06-27 18:32:40','2018-06-27 20:28:44',35),(184,'2018-06-28 18:32:40','2018-06-28 20:28:44',35),(185,'2018-06-29 18:32:40','2018-06-29 20:28:44',35),(186,'2018-06-30 18:32:40','2018-06-30 20:28:44',35),(187,'2018-06-27 18:32:40','2018-06-27 20:28:44',36),(188,'2018-06-28 18:32:40','2018-06-28 20:28:44',36),(189,'2018-06-29 18:32:40','2018-06-29 20:28:44',36),(190,'2018-06-30 18:32:40','2018-06-30 20:28:44',36),(191,'2018-06-27 18:32:40','2018-06-27 20:28:44',37),(192,'2018-06-28 18:32:40','2018-06-28 20:28:44',37),(193,'2018-06-29 18:32:40','2018-06-29 20:28:44',37),(194,'2018-06-30 18:32:40','2018-06-30 20:28:44',37),(195,'2018-06-27 18:32:40','2018-06-27 20:28:44',38),(196,'2018-06-28 18:32:40','2018-06-28 20:28:44',38),(197,'2018-06-29 18:32:40','2018-06-29 20:28:44',38),(198,'2018-06-30 18:32:40','2018-06-30 20:28:44',38),(199,'2018-06-27 18:32:40','2018-06-27 20:28:44',39),(200,'2018-06-28 18:32:40','2018-06-28 20:28:44',39),(201,'2018-06-29 18:32:40','2018-06-29 20:28:44',39),(202,'2018-06-30 18:32:40','2018-06-30 20:28:44',39),(203,'2018-06-27 18:32:40','2018-06-27 20:28:44',40),(204,'2018-06-28 18:32:40','2018-06-28 20:28:44',40),(205,'2018-06-29 18:32:40','2018-06-29 20:28:44',40),(206,'2018-06-30 18:32:40','2018-06-30 20:28:44',40),(207,'2018-06-27 18:34:55','2018-06-27 20:30:59',41),(208,'2018-06-28 18:34:55','2018-06-28 20:30:59',41),(209,'2018-06-29 18:34:55','2018-06-29 20:30:59',41),(210,'2018-06-30 18:34:55','2018-06-30 20:30:59',41),(211,'2018-07-01 18:34:55','2018-07-01 20:30:59',41),(212,'2018-07-02 18:34:55','2018-07-02 20:30:59',41),(213,'2018-06-27 18:34:55','2018-06-27 20:30:59',42),(214,'2018-06-28 18:34:55','2018-06-28 20:30:59',42),(215,'2018-06-29 18:34:55','2018-06-29 20:30:59',42),(216,'2018-06-30 18:34:55','2018-06-30 20:30:59',42),(217,'2018-07-01 18:34:55','2018-07-01 20:30:59',42),(218,'2018-07-02 18:34:55','2018-07-02 20:30:59',42),(219,'2018-06-27 18:34:55','2018-06-27 20:30:59',43),(220,'2018-06-28 18:34:55','2018-06-28 20:30:59',43),(221,'2018-06-29 18:34:55','2018-06-29 20:30:59',43),(222,'2018-06-30 18:34:55','2018-06-30 20:30:59',43),(223,'2018-07-01 18:34:55','2018-07-01 20:30:59',43),(224,'2018-07-02 18:34:55','2018-07-02 20:30:59',43),(225,'2018-06-27 18:36:08','2018-06-27 20:32:12',44),(226,'2018-06-28 18:36:08','2018-06-28 20:32:12',44),(227,'2018-06-29 18:36:08','2018-06-29 20:32:12',44),(228,'2018-06-30 18:36:08','2018-06-30 20:32:12',44),(229,'2018-07-01 18:36:08','2018-07-01 20:32:12',44),(230,'2018-07-02 18:36:08','2018-07-02 20:32:12',44),(231,'2018-06-27 18:36:08','2018-06-27 20:32:12',45),(232,'2018-06-28 18:36:08','2018-06-28 20:32:12',45),(233,'2018-06-29 18:36:08','2018-06-29 20:32:12',45),(234,'2018-06-30 18:36:08','2018-06-30 20:32:12',45),(235,'2018-07-01 18:36:08','2018-07-01 20:32:12',45),(236,'2018-07-02 18:36:08','2018-07-02 20:32:12',45),(237,'2018-06-27 18:36:08','2018-06-27 20:32:12',46),(238,'2018-06-28 18:36:08','2018-06-28 20:32:12',46),(239,'2018-06-29 18:36:08','2018-06-29 20:32:12',46),(240,'2018-06-30 18:36:08','2018-06-30 20:32:12',46),(241,'2018-07-01 18:36:08','2018-07-01 20:32:12',46),(242,'2018-07-02 18:36:08','2018-07-02 20:32:12',46),(243,'2018-06-27 18:36:57','2018-06-27 20:33:01',47),(244,'2018-06-28 18:36:57','2018-06-28 20:33:01',47),(245,'2018-06-29 18:36:57','2018-06-29 20:33:01',47),(246,'2018-06-30 18:36:57','2018-06-30 20:33:01',47),(247,'2018-07-01 18:36:57','2018-07-01 20:33:01',47),(248,'2018-07-02 18:36:57','2018-07-02 20:33:01',47),(249,'2018-06-27 18:36:57','2018-06-27 20:33:01',48),(250,'2018-06-28 18:36:57','2018-06-28 20:33:01',48),(251,'2018-06-29 18:36:57','2018-06-29 20:33:01',48),(252,'2018-06-30 18:36:57','2018-06-30 20:33:01',48),(253,'2018-07-01 18:36:57','2018-07-01 20:33:01',48),(254,'2018-07-02 18:36:57','2018-07-02 20:33:01',48),(255,'2018-06-27 18:36:57','2018-06-27 20:33:01',49),(256,'2018-06-28 18:36:57','2018-06-28 20:33:01',49),(257,'2018-06-29 18:36:57','2018-06-29 20:33:01',49),(258,'2018-06-30 18:36:57','2018-06-30 20:33:01',49),(259,'2018-07-01 18:36:57','2018-07-01 20:33:01',49),(260,'2018-07-02 18:36:57','2018-07-02 20:33:01',49),(261,'2018-06-27 18:37:33','2018-06-27 20:33:37',50),(262,'2018-06-28 18:37:33','2018-06-28 20:33:37',50),(263,'2018-06-29 18:37:33','2018-06-29 20:33:37',50),(264,'2018-06-30 18:37:33','2018-06-30 20:33:37',50),(265,'2018-07-01 18:37:33','2018-07-01 20:33:37',50),(266,'2018-07-02 18:37:33','2018-07-02 20:33:37',50),(267,'2018-06-27 18:37:33','2018-06-27 20:33:37',51),(268,'2018-06-28 18:37:33','2018-06-28 20:33:37',51),(269,'2018-06-29 18:37:33','2018-06-29 20:33:37',51),(270,'2018-06-30 18:37:33','2018-06-30 20:33:37',51),(271,'2018-07-01 18:37:33','2018-07-01 20:33:37',51),(272,'2018-07-02 18:37:33','2018-07-02 20:33:37',51),(273,'2018-06-27 18:37:33','2018-06-27 20:33:37',52),(274,'2018-06-28 18:37:33','2018-06-28 20:33:37',52),(275,'2018-06-29 18:37:33','2018-06-29 20:33:37',52),(276,'2018-06-30 18:37:33','2018-06-30 20:33:37',52),(277,'2018-07-01 18:37:33','2018-07-01 20:33:37',52),(278,'2018-07-02 18:37:33','2018-07-02 20:33:37',52),(279,'2018-06-27 18:38:12','2018-06-27 20:34:16',53),(280,'2018-06-28 18:38:12','2018-06-28 20:34:16',53),(281,'2018-06-29 18:38:12','2018-06-29 20:34:16',53),(282,'2018-06-30 18:38:12','2018-06-30 20:34:16',53),(283,'2018-07-01 18:38:12','2018-07-01 20:34:16',53),(284,'2018-07-02 18:38:12','2018-07-02 20:34:16',53),(285,'2018-06-27 18:38:12','2018-06-27 20:34:16',54),(286,'2018-06-28 18:38:12','2018-06-28 20:34:16',54),(287,'2018-06-29 18:38:12','2018-06-29 20:34:16',54),(288,'2018-06-30 18:38:12','2018-06-30 20:34:16',54),(289,'2018-07-01 18:38:12','2018-07-01 20:34:16',54),(290,'2018-07-02 18:38:12','2018-07-02 20:34:16',54),(291,'2018-06-27 18:38:12','2018-06-27 20:34:16',55),(292,'2018-06-28 18:38:12','2018-06-28 20:34:16',55),(293,'2018-06-29 18:38:12','2018-06-29 20:34:16',55),(294,'2018-06-30 18:38:12','2018-06-30 20:34:16',55),(295,'2018-07-01 18:38:12','2018-07-01 20:34:16',55),(296,'2018-07-02 18:38:12','2018-07-02 20:34:16',55),(297,'2018-06-27 18:38:50','2018-06-27 20:34:54',56),(298,'2018-06-28 18:38:50','2018-06-28 20:34:54',56),(299,'2018-06-29 18:38:50','2018-06-29 20:34:54',56),(300,'2018-06-30 18:38:50','2018-06-30 20:34:54',56),(301,'2018-07-01 18:38:50','2018-07-01 20:34:54',56),(302,'2018-07-02 18:38:50','2018-07-02 20:34:54',56),(303,'2018-06-27 18:38:50','2018-06-27 20:34:54',57),(304,'2018-06-28 18:38:50','2018-06-28 20:34:54',57),(305,'2018-06-29 18:38:50','2018-06-29 20:34:54',57),(306,'2018-06-30 18:38:50','2018-06-30 20:34:54',57),(307,'2018-07-01 18:38:50','2018-07-01 20:34:54',57),(308,'2018-07-02 18:38:50','2018-07-02 20:34:54',57),(309,'2018-06-27 18:38:50','2018-06-27 20:34:54',58),(310,'2018-06-28 18:38:50','2018-06-28 20:34:54',58),(311,'2018-06-29 18:38:50','2018-06-29 20:34:54',58),(312,'2018-06-30 18:38:50','2018-06-30 20:34:54',58),(313,'2018-07-01 18:38:50','2018-07-01 20:34:54',58),(314,'2018-07-02 18:38:50','2018-07-02 20:34:54',58);
/*!40000 ALTER TABLE `programacao` ENABLE KEYS */;
UNLOCK TABLES;

--
-- Table structure for table `reclamacao`
--

DROP TABLE IF EXISTS `reclamacao`;
/*!40101 SET @saved_cs_client     = @@character_set_client */;
/*!40101 SET character_set_client = utf8 */;
CREATE TABLE `reclamacao` (
  `Passagem` int(11) NOT NULL,
  `Situacao` char(1) DEFAULT 'C' COMMENT 'finalizada, em andamento, cadastrada',
  `DataAbertura` datetime DEFAULT CURRENT_TIMESTAMP,
  `Descricao` text NOT NULL,
  PRIMARY KEY (`Passagem`),
  CONSTRAINT `fkPassagem_Reclamacao_Passagem` FOREIGN KEY (`Passagem`) REFERENCES `passagem` (`Codigo`) ON DELETE NO ACTION ON UPDATE NO ACTION
) ENGINE=InnoDB DEFAULT CHARSET=utf8;
/*!40101 SET character_set_client = @saved_cs_client */;

--
-- Dumping data for table `reclamacao`
--

LOCK TABLES `reclamacao` WRITE;
/*!40000 ALTER TABLE `reclamacao` DISABLE KEYS */;
/*!40000 ALTER TABLE `reclamacao` ENABLE KEYS */;
UNLOCK TABLES;

--
-- Table structure for table `voo`
--

DROP TABLE IF EXISTS `voo`;
/*!40101 SET @saved_cs_client     = @@character_set_client */;
/*!40101 SET character_set_client = utf8 */;
CREATE TABLE `voo` (
  `Numero` int(11) NOT NULL AUTO_INCREMENT,
  `ValorEconomica` float NOT NULL,
  `ValorPrimeiraClasse` float NOT NULL,
  `CidadeOrigem` int(11) NOT NULL COMMENT 'cidade origem tem que ser diferente de cidade destino',
  `CidadeDestino` int(11) NOT NULL,
  `Aeronave` int(11) NOT NULL,
  PRIMARY KEY (`Numero`),
  KEY `fkCidadeOrigem_idx` (`CidadeOrigem`),
  KEY `fkCidadeDestino_idx` (`CidadeDestino`),
  KEY `idAeronave_idx` (`Aeronave`),
  CONSTRAINT `fkAeronave_Voo_Aeronave` FOREIGN KEY (`Aeronave`) REFERENCES `aeronave` (`Prefixo`) ON DELETE NO ACTION ON UPDATE NO ACTION,
  CONSTRAINT `fkCidadeDestino_Voo_Cidade` FOREIGN KEY (`CidadeDestino`) REFERENCES `cidade` (`idCidade`) ON DELETE NO ACTION ON UPDATE NO ACTION,
  CONSTRAINT `fkCidadeOrigem_Voo_Cidade` FOREIGN KEY (`CidadeOrigem`) REFERENCES `cidade` (`idCidade`) ON DELETE NO ACTION ON UPDATE NO ACTION
) ENGINE=InnoDB AUTO_INCREMENT=59 DEFAULT CHARSET=utf8;
/*!40101 SET character_set_client = @saved_cs_client */;

--
-- Dumping data for table `voo`
--

LOCK TABLES `voo` WRITE;
/*!40000 ALTER TABLE `voo` DISABLE KEYS */;
INSERT INTO `voo` VALUES (1,124.1,173.74,1,2,1),(2,128,179.2,2,1,1),(3,233.3,326.62,3,4,2),(4,45,63,1,2,2),(5,205.2,287.28,1,3,1),(6,206.2,288.68,1,4,1),(7,207.2,290.08,1,5,1),(8,208.26,291.56,1,6,1),(9,209.26,292.96,1,3,2),(10,210.68,294.95,1,4,2),(11,211.68,296.35,1,5,2),(12,212.68,297.75,1,6,2),(13,213.68,299.15,2,3,1),(14,214.68,300.55,2,4,1),(15,215.68,301.95,2,5,1),(16,216.68,303.35,2,6,1),(17,217.81,304.93,2,3,2),(18,219.28,306.99,2,4,2),(19,220.28,308.39,2,5,2),(20,101.08,141.51,2,6,2),(21,225.08,315.11,3,1,1),(22,229.02,320.63,3,2,1),(23,233.02,326.23,3,5,1),(24,238.03,333.24,3,6,1),(25,242.03,338.84,3,1,2),(26,246.03,344.44,3,2,2),(27,249.9,349.86,3,5,2),(28,253.9,355.46,3,6,2),(29,257.9,361.06,4,1,1),(30,261.12,365.57,4,2,1),(31,265.12,371.17,4,3,1),(32,269.29,377.01,4,5,1),(33,273.29,382.61,4,6,1),(34,276.61,387.25,4,1,2),(35,280.75,393.05,4,2,2),(36,284.75,398.65,4,3,2),(37,288.75,404.25,4,5,2),(38,292.75,409.85,4,6,2),(39,296.75,415.45,5,1,1),(40,81.77,114.48,5,2,1),(41,87.77,122.88,5,3,1),(42,93.56,130.98,5,4,1),(43,99.39,139.15,5,6,1),(44,105.72,148.01,5,1,2),(45,111.72,156.41,5,2,2),(46,117.72,164.81,5,3,2),(47,123.58,173.01,5,4,2),(48,129.58,181.41,5,6,2),(49,135.58,189.81,6,1,1),(50,140.91,197.27,6,2,1),(51,146.91,205.67,6,3,1),(52,152.91,214.07,6,4,1),(53,158.91,222.47,6,5,1),(54,164.91,230.87,6,1,2),(55,170.91,239.27,6,2,2),(56,176.91,247.67,6,3,2),(57,182.35,255.29,6,4,2),(58,188.35,263.69,6,5,2);
/*!40000 ALTER TABLE `voo` ENABLE KEYS */;
UNLOCK TABLES;
/*!40103 SET TIME_ZONE=@OLD_TIME_ZONE */;

/*!40101 SET SQL_MODE=@OLD_SQL_MODE */;
/*!40014 SET FOREIGN_KEY_CHECKS=@OLD_FOREIGN_KEY_CHECKS */;
/*!40014 SET UNIQUE_CHECKS=@OLD_UNIQUE_CHECKS */;
/*!40101 SET CHARACTER_SET_CLIENT=@OLD_CHARACTER_SET_CLIENT */;
/*!40101 SET CHARACTER_SET_RESULTS=@OLD_CHARACTER_SET_RESULTS */;
/*!40101 SET COLLATION_CONNECTION=@OLD_COLLATION_CONNECTION */;
/*!40111 SET SQL_NOTES=@OLD_SQL_NOTES */;

-- Dump completed on 2018-06-23 19:30:52
